name,class,confidence
sul_5,4,0.5314716696739197
sul_5,4,0.5281739234924316
sul_h_5,9,0.4348534047603607
sul_h_5,9,0.3880673050880432
sul_h_5,9,0.3126237988471985
sul_ip_5,14,0.3060542941093445
sul_5,4,0.27637025713920593
sul_5,4,0.2762080430984497
